panel	AA_ccd	AB_ccd	BB_ccd	NR_ccd
OKG	0.992451033	0.926813646	0.963272838	0.941591637
OKG	0.992727858	0.93200238	0.965150906	0.945107053
OKG	0.990713147	0.923109444	0.961039565	0.938375678
OKG	0.993139604	0.936373366	0.970161871	0.949919624
OKG	0.992265317	0.927140284	0.963092247	0.942229273
OKG	0.992078452	0.922362061	0.966381461	0.939986092
OKG	0.991351584	0.930473809	0.96505466	0.944415351
OKG	0.993119926	0.929280025	0.973276893	0.946714247
OKG	0.99055139	0.934384896	0.958423007	0.943785464
OKG	0.992303909	0.922793892	0.959866372	0.937807375
OKG	0.992351983	0.924047053	0.965344596	0.940228154
OKG	0.991486564	0.923344158	0.96334569	0.940363643
OKG	0.991668023	0.920451696	0.963641669	0.93780095
OKG	0.991278674	0.9237654	0.960110924	0.938588948
OKG	0.991668754	0.934315163	0.968408478	0.94744128
OKG	0.992866817	0.926990029	0.96836519	0.94357133
OKG	0.99078178	0.932086021	0.961223055	0.943491141
OKG	0.991158295	0.92938805	0.955834086	0.939564638
OKG	0.991966207	0.922735803	0.961603491	0.938647897
OKG	0.992594994	0.932561825	0.969700544	0.946845572
OKG	0.993157797	0.935195022	0.962706255	0.945857268
OKG	0.990856272	0.922917879	0.963266729	0.939202558
OKG	0.992576944	0.92915154	0.968726486	0.944546332
OKG	0.991300827	0.919176694	0.960516166	0.936858677
OKG	0.992613495	0.924145754	0.963561029	0.940160588
OKG	0.992357642	0.931390636	0.968500454	0.946003429
OKG	0.992628626	0.925900665	0.967359474	0.942027375
OKG	0.991404917	0.932992012	0.964743665	0.945333223
OKG	0.991622079	0.92432623	0.953569757	0.936052187
OKG	0.991089377	0.92839464	0.964328208	0.942748109
OKG	0.993119903	0.924329546	0.969486018	0.94197405
OKG	0.990813357	0.925234921	0.959267822	0.938470665
OKG	0.991204426	0.926020505	0.96048334	0.939728782
OKG	0.993691107	0.932283562	0.971273569	0.947955924
OKG	0.99245585	0.928537821	0.96656006	0.943750294
OKG	0.992537529	0.927034907	0.96430725	0.942114795
OKG	0.991351733	0.924738643	0.960546861	0.93915615
OKG	0.992741999	0.930656934	0.960961277	0.942773565
OKG	0.992713476	0.927418377	0.972242019	0.944699281
OKG	0.992389439	0.922737358	0.968750364	0.941051528
OKG	0.991131794	0.934511699	0.958828151	0.944507632
OKG	0.99256816	0.932315438	0.964745854	0.944645329
OKG	0.992271587	0.929197031	0.969846052	0.945024678
OKG	0.991888017	0.92633466	0.965606413	0.941952161
OKG	0.992961602	0.924295611	0.966756988	0.941164957
OKG	0.991085835	0.927311549	0.966195849	0.94277565
OKG	0.992012766	0.924937108	0.964020579	0.940424717
OKG	0.992365809	0.926053369	0.962513808	0.940291864
OKG	0.993195417	0.934215288	0.969175428	0.94818787
OKG	0.991778182	0.927937638	0.964772713	0.942090897
OKG	0.991991111	0.929605534	0.966971253	0.94449937
OKG	0.993031778	0.929073567	0.969764096	0.945515364
OKG	0.991986588	0.929462092	0.964260863	0.943539455
OKG	0.992294911	0.931313254	0.963728284	0.943900655
OKG	0.992622286	0.93534443	0.965241518	0.947198626
OKG	0.990668327	0.928106419	0.959237588	0.940460262
OKG	0.99135401	0.921636379	0.956855555	0.936035344
OKG	0.992582118	0.929015819	0.971257813	0.946192375
OKG	0.992797489	0.927338543	0.964113339	0.941544227
OKG	0.991262116	0.924811568	0.966133617	0.941304789
OKG	0.992769218	0.931363619	0.96758216	0.94566008
OKG	0.99235272	0.927567663	0.966746303	0.94381715
OKG	0.991869835	0.921887983	0.962840738	0.939080212
OKG	0.992929305	0.929600431	0.966848897	0.944407889
OKG	0.993591646	0.934883828	0.971533274	0.949601192
OKG	0.991177814	0.930286355	0.964232048	0.943653179
OKG	0.991616906	0.931043559	0.961436047	0.94301189
OKG	0.992585974	0.932299229	0.968329252	0.945960392
OKG	0.992669892	0.925268628	0.967524892	0.9425197
OKG	0.992076617	0.925282906	0.95823813	0.937924768
OKG	0.990818559	0.927379552	0.96043635	0.940005122
OKG	0.991460057	0.924340261	0.968200464	0.942417549
OKG	0.992632424	0.93038545	0.967533726	0.945515262
OKG	0.992255909	0.930621506	0.972014794	0.946804616
OKG	0.991965328	0.923559184	0.965544412	0.940868548
OKG	0.992725652	0.929148934	0.970100503	0.946073642
OKG	0.992736637	0.929316242	0.970570904	0.945642184
OKG	0.991693275	0.925750889	0.962689463	0.940292842
OKG	0.991328272	0.924949532	0.96105581	0.939948521
OKG	0.991597122	0.918740226	0.964599096	0.93664584
OKG	0.992641788	0.929516072	0.966257201	0.943742079
OKG	0.992679937	0.930268491	0.96641466	0.944751818
OKG	0.992065513	0.924463696	0.965700208	0.940615417
OKG	0.990947972	0.921465563	0.961645112	0.937759814
OKG	0.992536222	0.93277557	0.9703885	0.948117076
OKG	0.992219637	0.928411953	0.962018107	0.941445546
OKG	0.992788837	0.929024033	0.968821213	0.944635711
OKG	0.991822704	0.921676387	0.968000749	0.939985485
OKG	0.991311176	0.928031404	0.959181001	0.940219948
OKG	0.992152065	0.927416872	0.966134727	0.942738412
OKG	0.992041492	0.926698446	0.960088692	0.94052847
OKG	0.990030958	0.923997658	0.953099246	0.935847589
OKG	0.992572824	0.931682356	0.96637865	0.945559777
OKG	0.992700233	0.922108172	0.964238045	0.939253037
OKG	0.992041171	0.924452521	0.966319468	0.941440899
OKG	0.992386788	0.928886943	0.960994626	0.941858677
OKG	0.991083841	0.923687907	0.964073547	0.939375523
OKG	0.99053902	0.918616106	0.954791214	0.93231056
OKG	0.991356443	0.925905776	0.963073092	0.939962605
OKG	0.993017746	0.933498373	0.970876151	0.948233056
OKG	0.992821336	0.929557878	0.967709839	0.944272616
OKG	0.993561834	0.935571708	0.972795319	0.949933058
OKG	0.992901324	0.929216061	0.969028707	0.945024947
OKG	0.992471433	0.926135206	0.964991013	0.941329695
OKG	0.992217311	0.930219029	0.96671405	0.945136265
OKG	0.992607479	0.931898475	0.966858203	0.946109987
OKG	0.992136318	0.929496877	0.965774188	0.944147209
OKG	0.992802469	0.935509578	0.966980037	0.947881116
OKG	0.992798246	0.936067374	0.96969037	0.949177892
OKG	0.992977049	0.930854415	0.965713223	0.944625557
OKG	0.992301766	0.930625587	0.969986195	0.945859799
OKG	0.992537437	0.931654315	0.966400944	0.945568776
OKG	0.990961494	0.926055453	0.958624588	0.939253429
OKG	0.992705776	0.923951014	0.96733065	0.941805865
OKG	0.991838534	0.926010763	0.965072694	0.941967724
OKG	0.992388606	0.924843377	0.965031557	0.940672196
OKG	0.99184804	0.931332913	0.969045483	0.946438445
OKG	0.991520713	0.935175467	0.960830461	0.945124024
OKG	0.991623887	0.932993733	0.95790845	0.942860225
OKG	0.991880419	0.920704257	0.963347165	0.938159256
OKG	0.991030036	0.928966961	0.959159319	0.941073444
OKG	0.992726162	0.929334135	0.964215384	0.942815386
OKG	0.991386201	0.930269341	0.953991773	0.939835052
OKG	0.991713937	0.927599471	0.965232354	0.942044124
OKG	0.991949728	0.923186366	0.963826914	0.939597034
OKG	0.989919169	0.929009855	0.959262995	0.940184453
OKG	0.990404072	0.919183706	0.956580609	0.934590216
OKG	0.989737087	0.925793761	0.957270951	0.938660339
OKG	0.991385872	0.929705516	0.958950838	0.941501576
OKG	0.992848878	0.924130433	0.962474608	0.93881544
OKG	0.991637751	0.922904386	0.961037909	0.938089951
OKG	0.99039633	0.918726176	0.953773076	0.932921587
OKG	0.991584041	0.928264572	0.963121288	0.941991378
OKG	0.990338174	0.931524012	0.952880766	0.939806408
OKG	0.991704923	0.92865093	0.957004763	0.939912403
OKG	0.990706908	0.927924196	0.960522503	0.940448526
OKG	0.991706762	0.926038231	0.957897612	0.939010095
OKG	0.991229738	0.930425196	0.958563368	0.941218908
OKG	0.99087449	0.920893567	0.962657008	0.937728731
OKG	0.99205927	0.924240592	0.965388384	0.941294237
OKG	0.992396894	0.928520137	0.963657304	0.9427977
OKG	0.991146468	0.924610117	0.962091657	0.939261566
OKG	0.991776062	0.928997822	0.956568288	0.939601061
OKG	0.991880418	0.926584757	0.96426704	0.942082098
OKG	0.991808131	0.925438394	0.965212195	0.941191758
OKG	0.991476677	0.927499691	0.968496387	0.944058459
OKG	0.991887208	0.925102567	0.959834564	0.938409439
OKG	0.991678294	0.92654533	0.962040936	0.940993503
OKG	0.99243627	0.928987003	0.967331668	0.944582852
OKG	0.992409801	0.926928239	0.965295615	0.94225696
OKG	0.992262526	0.927248667	0.963055352	0.941216892
OKG	0.9932819	0.934522488	0.966894154	0.947242206
OKG	0.991880881	0.928132203	0.965832686	0.942512504
OKG	0.99224601	0.932717428	0.966280489	0.946032007
OKG	0.991981081	0.924115392	0.962744514	0.93956789
OKG	0.991468665	0.928358277	0.96525971	0.942990839
OKG	0.990798788	0.932704221	0.958423471	0.942453069
OKG	0.991931853	0.929128892	0.965068196	0.943803873
OKG	0.99239306	0.92652297	0.960834664	0.940481961
OKG	0.990917087	0.921791808	0.962075578	0.938368914
OKG	0.992467203	0.926027295	0.967603627	0.941785638
OKG	0.990901585	0.927943516	0.957272364	0.939819005
OKG	0.992420605	0.937378021	0.961001849	0.946338464
OKG	0.991424286	0.929204543	0.961668546	0.942074659
OKG	0.991808579	0.919815298	0.960660888	0.936782904
OKG	0.992772015	0.926605082	0.971766357	0.944686435
OKG	0.991538801	0.926088383	0.96703411	0.942844848
OKG	0.991936341	0.929249844	0.967050215	0.944886174
OKG	0.992244381	0.928994941	0.969085329	0.94480872
OKG	0.990738136	0.923839581	0.957314636	0.93745761
OKG	0.991896633	0.923736183	0.966338159	0.939756488
OKG	0.991724575	0.927743244	0.96627201	0.943071036
OKG	0.990670102	0.93208003	0.953016497	0.940596652
OKG	0.991858202	0.928488449	0.962066718	0.942100676
OKG	0.991058184	0.926346621	0.961019473	0.940538817
OKG	0.992269328	0.925970919	0.963208921	0.940412248
OKG	0.992059707	0.933080339	0.958147114	0.942844578
OKG	0.990998875	0.925736354	0.958564731	0.93878044
OKG	0.991892131	0.928004395	0.964057268	0.942719403
CONV	0.993579909	0.913267354	0.967075394	0.935081865
CONV	0.993757263	0.912871762	0.970596925	0.935696562
CONV	0.992254438	0.9035987	0.962733064	0.927402638
CONV	0.994779974	0.915126301	0.972205721	0.938015071
CONV	0.993370824	0.905508328	0.96221066	0.929309098
CONV	0.993646768	0.909461785	0.96980789	0.93362648
CONV	0.992342126	0.90716477	0.968502489	0.931896767
CONV	0.994538294	0.913723407	0.97380394	0.937537473
CONV	0.991589272	0.916631214	0.958007143	0.932814972
CONV	0.993386583	0.904512341	0.961905729	0.927759592
CONV	0.993706091	0.910512352	0.968665464	0.933301716
CONV	0.993070589	0.913638757	0.967258292	0.936456966
CONV	0.993162125	0.908015614	0.967151495	0.931772353
CONV	0.99311745	0.905885325	0.9609452	0.928345706
CONV	0.993193209	0.91527357	0.967814053	0.935504735
CONV	0.993913659	0.909120949	0.971534909	0.934138492
CONV	0.991643018	0.909626838	0.967031422	0.932102163
CONV	0.992193876	0.910522165	0.956689262	0.928290281
CONV	0.993444249	0.907495583	0.965029932	0.931055938
CONV	0.994029907	0.915443833	0.972492539	0.93738855
CONV	0.993630784	0.914123702	0.961686053	0.932560453
CONV	0.992932986	0.907488086	0.965449941	0.930885387
CONV	0.99355527	0.907533452	0.968573646	0.931283079
CONV	0.992842283	0.896704293	0.963898042	0.925450114
CONV	0.993797113	0.90475365	0.968129554	0.930508522
CONV	0.994051914	0.908317387	0.968918793	0.93218443
CONV	0.994039945	0.908412689	0.968690476	0.931865343
CONV	0.992575485	0.916275507	0.966442319	0.935778848
CONV	0.992867521	0.906087652	0.959819757	0.927635068
CONV	0.992977749	0.908656272	0.96191265	0.929933308
CONV	0.994242914	0.910066798	0.971240512	0.933973545
CONV	0.993116515	0.907990168	0.963700499	0.929660447
CONV	0.991836539	0.902135869	0.965270484	0.927252941
CONV	0.994452587	0.916924173	0.972032161	0.939079454
CONV	0.993706219	0.909458177	0.972179107	0.934557056
CONV	0.992852337	0.900989943	0.96159243	0.925512297
CONV	0.993731894	0.904467043	0.966907257	0.929612171
CONV	0.994229243	0.910012872	0.963055744	0.931225452
CONV	0.993412851	0.907427904	0.971661533	0.932196206
CONV	0.99411013	0.909507737	0.971918295	0.934351938
CONV	0.992708617	0.913136115	0.959373292	0.932146418
CONV	0.993318828	0.909912804	0.966205519	0.931317753
CONV	0.993440277	0.906321321	0.966373202	0.929708198
CONV	0.993318393	0.907310371	0.968520042	0.9316555
CONV	0.994085792	0.906079356	0.969075189	0.931109547
CONV	0.992546643	0.906202804	0.971079773	0.932007258
CONV	0.993553471	0.905044398	0.96930284	0.930512851
CONV	0.993231765	0.906849748	0.966015653	0.92996025
CONV	0.99404564	0.910329687	0.969822451	0.934111663
CONV	0.992187177	0.901349956	0.966242108	0.926287101
CONV	0.9926657	0.90909514	0.967344503	0.932316203
CONV	0.993479084	0.905462657	0.970562711	0.931773186
CONV	0.993699825	0.907880254	0.966996737	0.931797622
CONV	0.994323856	0.913215319	0.965599065	0.933559633
CONV	0.99422042	0.916175543	0.970367855	0.93766598
CONV	0.991044801	0.904242258	0.958958077	0.925959482
CONV	0.992569278	0.904793994	0.961677745	0.928054284
CONV	0.993799103	0.913611808	0.970934809	0.936922477
CONV	0.994083429	0.901929953	0.965659671	0.926551838
CONV	0.992652166	0.903071253	0.964594816	0.927632034
CONV	0.993675865	0.904188361	0.967675298	0.929253283
CONV	0.99315029	0.905757769	0.967030717	0.931176229
CONV	0.992772921	0.901762655	0.965468412	0.928512571
CONV	0.993865387	0.911625294	0.969436641	0.934613228
CONV	0.994493452	0.910444654	0.973680885	0.935843781
CONV	0.992494793	0.907994465	0.96449151	0.930243937
CONV	0.992958586	0.90925299	0.962563687	0.930247617
CONV	0.99352685	0.911887071	0.970323999	0.934049205
CONV	0.993342307	0.905186633	0.969336203	0.93137994
CONV	0.993383682	0.913985301	0.965055211	0.933578116
CONV	0.992108411	0.912814667	0.962423212	0.931764953
CONV	0.992882856	0.901573131	0.969158868	0.929433433
CONV	0.993641388	0.913990547	0.968797756	0.936315704
CONV	0.993761466	0.909193398	0.974740144	0.934823603
CONV	0.993124746	0.904820581	0.96505921	0.929659904
CONV	0.99356293	0.909477903	0.972131803	0.93537529
CONV	0.993627767	0.907234287	0.972256566	0.932970501
CONV	0.991993721	0.899075913	0.96299432	0.924243336
CONV	0.992481764	0.906416475	0.967373554	0.931744247
CONV	0.992366334	0.903394438	0.967221437	0.928320589
CONV	0.99428514	0.912925473	0.969563279	0.934858867
CONV	0.994116904	0.908486529	0.971001196	0.933539355
CONV	0.993617335	0.905391076	0.967345343	0.929661835
CONV	0.992356439	0.910923953	0.966212454	0.933349313
CONV	0.993637965	0.908494921	0.967917265	0.93273612
CONV	0.993962836	0.910113712	0.967274583	0.93228843
CONV	0.993964609	0.910283787	0.967815447	0.932855872
CONV	0.993559338	0.902116402	0.969133781	0.928608417
CONV	0.991475785	0.904936882	0.960236675	0.926579259
CONV	0.993179289	0.911289354	0.966203513	0.933024775
CONV	0.992724676	0.904546974	0.960266093	0.927628542
CONV	0.991987143	0.90527105	0.961779385	0.928283071
CONV	0.993224991	0.904650911	0.966343809	0.929330707
CONV	0.994354356	0.902439795	0.966204087	0.928393119
CONV	0.993475351	0.904224363	0.969835414	0.93085131
CONV	0.993687645	0.906661036	0.962573814	0.929253153
CONV	0.992086731	0.90885987	0.965966307	0.931047091
CONV	0.992391109	0.903392585	0.960807744	0.925130586
CONV	0.99251637	0.907945544	0.968329949	0.93078819
CONV	0.994205822	0.912917107	0.972475468	0.936398474
CONV	0.992662647	0.903617506	0.966962022	0.928055022
CONV	0.993698923	0.907366337	0.972426209	0.932471343
CONV	0.993822577	0.903916333	0.96812254	0.929416106
CONV	0.992777038	0.905625203	0.964870231	0.928797919
CONV	0.993515201	0.908852835	0.9677368	0.932925752
CONV	0.994093697	0.914680079	0.967920729	0.936326677
CONV	0.993825999	0.91727431	0.969856515	0.938512446
CONV	0.993826425	0.907570926	0.967686522	0.931208697
CONV	0.993341555	0.913308526	0.970039085	0.935433026
CONV	0.994414991	0.911600574	0.971442851	0.935245951
CONV	0.992947488	0.912334636	0.968759298	0.934176399
CONV	0.994103521	0.91279308	0.970936354	0.936081375
CONV	0.991703707	0.905694789	0.958576059	0.927127115
CONV	0.993346193	0.902349173	0.969178739	0.929861282
CONV	0.993777857	0.913341705	0.967921485	0.935642875
CONV	0.993947583	0.912291286	0.970053836	0.935046118
CONV	0.992748798	0.907762213	0.970285412	0.932808892
CONV	0.99235443	0.914093766	0.961116782	0.932331668
CONV	0.992515007	0.913443015	0.959777807	0.931795259
CONV	0.993108354	0.908376367	0.96606499	0.931994894
CONV	0.993036856	0.905656279	0.965065755	0.92948152
CONV	0.993521952	0.908072141	0.965869689	0.930414153
CONV	0.992661875	0.909629994	0.955705552	0.928213613
CONV	0.992838996	0.911627164	0.968502111	0.933460762
CONV	0.993044817	0.903271214	0.966930988	0.928982332
CONV	0.992620606	0.912985824	0.960491033	0.930536179
CONV	0.991404727	0.896647154	0.953038768	0.919884464
CONV	0.990741199	0.906637833	0.962144204	0.929331146
CONV	0.993154475	0.913705505	0.964607583	0.934239277
CONV	0.993627237	0.90611169	0.966037369	0.929066679
CONV	0.992263547	0.905308542	0.9631185	0.928334124
CONV	0.990975867	0.892993342	0.953427801	0.917478233
CONV	0.992716641	0.908575375	0.967914881	0.931947571
CONV	0.990459982	0.907632251	0.9511611	0.92451714
CONV	0.992752078	0.906847811	0.955467962	0.926163268
CONV	0.992090163	0.906997596	0.960580963	0.927588207
CONV	0.993115601	0.905980768	0.96365457	0.929468138
CONV	0.991292569	0.904956493	0.954662945	0.924025941
CONV	0.991774974	0.900742027	0.962430616	0.92561306
CONV	0.993689618	0.906121692	0.970467596	0.932793985
CONV	0.993977291	0.913163998	0.965754752	0.934538376
CONV	0.992405538	0.907977126	0.964028016	0.929891384
CONV	0.992185087	0.907901	0.96043067	0.928106938
CONV	0.992880059	0.907290946	0.962986861	0.930200525
CONV	0.993500137	0.908084675	0.9670264	0.931433027
CONV	0.992900514	0.910123399	0.968131128	0.933557437
CONV	0.993762414	0.910174233	0.964854229	0.931128179
CONV	0.993442036	0.908029447	0.963703058	0.93069421
CONV	0.994326868	0.909886654	0.967741568	0.933421807
CONV	0.993476268	0.909118584	0.966678005	0.932118235
CONV	0.993816852	0.913185226	0.969058513	0.934984777
CONV	0.994387414	0.912735795	0.970395165	0.935397646
CONV	0.992880404	0.906787964	0.967144785	0.929813291
CONV	0.99272087	0.911201679	0.965680064	0.932817577
CONV	0.992796841	0.904673882	0.965353735	0.928951107
CONV	0.992658244	0.912721803	0.966164104	0.933918107
CONV	0.990426391	0.903200428	0.957838574	0.923916299
CONV	0.993711225	0.911732469	0.967592698	0.934544997
CONV	0.993618271	0.906446903	0.96234992	0.929194043
CONV	0.992097099	0.903731585	0.96608984	0.929397562
CONV	0.993683901	0.908893156	0.968167187	0.931363234
CONV	0.992439833	0.910842906	0.958444047	0.930120215
CONV	0.993571789	0.915476627	0.966091926	0.934676663
CONV	0.992612537	0.907909058	0.967131073	0.931390124
CONV	0.993141258	0.902216438	0.964898799	0.928260849
CONV	0.993504466	0.900751337	0.969983094	0.92847701
CONV	0.993206122	0.903553584	0.969806568	0.93067209
CONV	0.993343564	0.912067769	0.966540285	0.934604057
CONV	0.993092887	0.908044398	0.969600056	0.932330375
CONV	0.992914271	0.906591986	0.964108713	0.929994192
CONV	0.989233316	0.883038176	0.958280348	0.911341287
CONV	0.993101099	0.90929076	0.967317981	0.932380587
CONV	0.991709329	0.911679279	0.955949276	0.929690443
CONV	0.992972344	0.913838018	0.962739312	0.933665662
CONV	0.992949532	0.906758667	0.965599798	0.930847222
CONV	0.993482932	0.901050926	0.966605505	0.926478286
CONV	0.993701279	0.916110723	0.959716467	0.933099645
CONV	0.992634483	0.912033432	0.964839868	0.933017378
CONV	0.99324554	0.911763769	0.970499261	0.935742366
WBBC	0.994206351	0.949812104	0.972884848	0.959163913
WBBC	0.993928684	0.948822548	0.974569261	0.959001
WBBC	0.992751443	0.943334038	0.96828072	0.953374468
WBBC	0.994837417	0.949035676	0.97787272	0.960596457
WBBC	0.994744757	0.950047436	0.973608733	0.959935987
WBBC	0.994423719	0.945793869	0.975660364	0.957750949
WBBC	0.993333676	0.950573767	0.974331268	0.960151257
WBBC	0.995268815	0.950546787	0.980628972	0.962466837
WBBC	0.992056162	0.95180238	0.965931935	0.95732776
WBBC	0.994487464	0.941715506	0.972336968	0.954116029
WBBC	0.994797759	0.948883743	0.977979997	0.960283741
WBBC	0.993745295	0.951673766	0.974619733	0.961436288
WBBC	0.993723319	0.944706924	0.971193464	0.955345422
WBBC	0.994058611	0.94464569	0.972211718	0.955887988
WBBC	0.995234091	0.963854708	0.983914082	0.971577145
WBBC	0.994162931	0.944325383	0.974257949	0.9563204
WBBC	0.992916075	0.939323388	0.970747423	0.951623258
WBBC	0.993056144	0.943894439	0.9608524	0.950419841
WBBC	0.995126853	0.953945441	0.977369052	0.963534749
WBBC	0.995414491	0.952166158	0.980067229	0.962896268
WBBC	0.99505171	0.950335774	0.973066961	0.959145262
WBBC	0.993157224	0.946087873	0.970922398	0.95611078
WBBC	0.9942368	0.946706986	0.974734293	0.957609407
WBBC	0.994127474	0.945173777	0.97087507	0.956166605
WBBC	0.994027443	0.944620789	0.973885622	0.956511167
WBBC	0.994928124	0.951433043	0.97563616	0.960962888
WBBC	0.994338529	0.945197175	0.97516844	0.956855119
WBBC	0.99331901	0.953442982	0.974213049	0.961515692
WBBC	0.99329276	0.946151315	0.96928839	0.955428121
WBBC	0.994104189	0.952073926	0.978361291	0.96257432
WBBC	0.994884968	0.949645978	0.978593961	0.960956578
WBBC	0.99368938	0.948036978	0.972173561	0.957423439
WBBC	0.993167265	0.945888469	0.972012234	0.956279236
WBBC	0.996311791	0.960047995	0.985763813	0.970384396
WBBC	0.99601906	0.961696489	0.984244192	0.970717182
WBBC	0.993798887	0.937760513	0.971160536	0.951273522
WBBC	0.994127116	0.937401593	0.971754745	0.951231892
WBBC	0.994635195	0.952365357	0.972292457	0.96033228
WBBC	0.995185239	0.951592125	0.977943397	0.961750695
WBBC	0.995254452	0.948697802	0.978048354	0.960379143
WBBC	0.993481463	0.95609915	0.969496852	0.961606508
WBBC	0.993772922	0.948907181	0.973781631	0.958364199
WBBC	0.99456423	0.950042026	0.978178993	0.96099736
WBBC	0.994611857	0.951366578	0.979629499	0.962605639
WBBC	0.994237735	0.945266592	0.97576568	0.957383252
WBBC	0.992768484	0.939364825	0.973056001	0.95276303
WBBC	0.994076386	0.943972746	0.97515049	0.956326819
WBBC	0.99388229	0.946703508	0.973771416	0.957273507
WBBC	0.994910376	0.951290501	0.975224678	0.960855919
WBBC	0.992461993	0.933813539	0.974698634	0.949522804
WBBC	0.994520144	0.95344095	0.977817037	0.963156398
WBBC	0.99447573	0.948352082	0.978875973	0.960685795
WBBC	0.994601717	0.94883101	0.973592051	0.958847471
WBBC	0.994895494	0.955319568	0.974972278	0.962950788
WBBC	0.994219487	0.953959867	0.974677468	0.962174206
WBBC	0.991728652	0.946486969	0.969422752	0.955588559
WBBC	0.992792778	0.939243857	0.96534852	0.949916144
WBBC	0.994539807	0.951392797	0.977724805	0.962099991
WBBC	0.994539684	0.946056022	0.975855445	0.957566398
WBBC	0.994888461	0.95202683	0.976752247	0.961894968
WBBC	0.994705711	0.949500207	0.972617371	0.958624811
WBBC	0.994489049	0.949209113	0.9778157	0.961073522
WBBC	0.993061935	0.939500516	0.969686159	0.952172346
WBBC	0.995045293	0.955960283	0.975206612	0.963611173
WBBC	0.995762153	0.95457173	0.981665499	0.965450755
WBBC	0.993562566	0.946260192	0.97241975	0.956560631
WBBC	0.994257454	0.952668863	0.976509951	0.96205694
WBBC	0.993829378	0.939966733	0.976010991	0.953632365
WBBC	0.994111053	0.946267817	0.975691809	0.958279962
WBBC	0.994627384	0.953003447	0.972832653	0.960609759
WBBC	0.992225484	0.938754671	0.967644981	0.949788709
WBBC	0.993998853	0.947039126	0.979374964	0.960366012
WBBC	0.994625356	0.950910102	0.974318915	0.960443817
WBBC	0.995002842	0.950977814	0.981331492	0.962844501
WBBC	0.993120076	0.94071992	0.970080708	0.952824235
WBBC	0.995325569	0.953674134	0.978414801	0.963898525
WBBC	0.994926723	0.945981325	0.979733555	0.959337921
WBBC	0.9924853	0.935904972	0.965441012	0.947531893
WBBC	0.993476637	0.94666868	0.974308787	0.958149821
WBBC	0.994053019	0.951229708	0.977023858	0.961300521
WBBC	0.994546793	0.954277242	0.97699194	0.963071989
WBBC	0.99484719	0.949272549	0.975705211	0.959863202
WBBC	0.994562851	0.950536798	0.97656102	0.960729196
WBBC	0.993768373	0.949742238	0.974214151	0.959666158
WBBC	0.994534301	0.951376851	0.977397819	0.961990195
WBBC	0.994821718	0.951659701	0.973646428	0.960186459
WBBC	0.993522249	0.942906496	0.974243611	0.955199113
WBBC	0.994560521	0.943479723	0.978795818	0.957437367
WBBC	0.992932449	0.940591787	0.963775966	0.949663242
WBBC	0.993449936	0.944320161	0.974010639	0.956068882
WBBC	0.993502807	0.950837935	0.968676489	0.958226308
WBBC	0.992322701	0.938293487	0.964670979	0.949034238
WBBC	0.993757185	0.941613128	0.971604766	0.953608056
WBBC	0.995577421	0.946989017	0.975491324	0.958587944
WBBC	0.995082506	0.949628786	0.978608465	0.961387671
WBBC	0.994350109	0.951013197	0.969817892	0.958610375
WBBC	0.992764218	0.94349223	0.974825603	0.955663089
WBBC	0.992778186	0.936502452	0.968114893	0.948469716
WBBC	0.993939908	0.941108146	0.97373415	0.9534467
WBBC	0.995094107	0.952322369	0.977348118	0.962187717
WBBC	0.993532776	0.938793418	0.973656156	0.952238683
WBBC	0.994695525	0.947414229	0.979948836	0.95996564
WBBC	0.995930279	0.950056207	0.979189892	0.961623763
WBBC	0.993037332	0.941901076	0.972486225	0.953860571
WBBC	0.995025396	0.95176404	0.977391878	0.962238718
WBBC	0.995106379	0.954892285	0.976065514	0.963498683
WBBC	0.994182963	0.954066318	0.97187189	0.9612565
WBBC	0.994832838	0.951019457	0.975835655	0.960775099
WBBC	0.993999486	0.9538709	0.975050516	0.96212929
WBBC	0.995798762	0.953050289	0.978753821	0.963204268
WBBC	0.99510817	0.954887331	0.981113438	0.965037284
WBBC	0.994825053	0.954292559	0.979602226	0.964427518
WBBC	0.992093583	0.947224492	0.966284488	0.954947839
WBBC	0.993571285	0.938287958	0.973181372	0.952648721
WBBC	0.993748062	0.948590837	0.972807815	0.95848316
WBBC	0.994038092	0.949395429	0.97367444	0.95895744
WBBC	0.994424826	0.951135909	0.980099846	0.962736697
WBBC	0.993011424	0.953051322	0.970328654	0.959750981
WBBC	0.99339511	0.951132782	0.967241073	0.957511267
WBBC	0.994241271	0.947022365	0.975454628	0.958659508
WBBC	0.99329581	0.945195387	0.97074465	0.955439519
WBBC	0.994508871	0.948843616	0.975197226	0.95902864
WBBC	0.993543323	0.946560725	0.968979388	0.955600048
WBBC	0.993622652	0.950719856	0.976557161	0.960636634
WBBC	0.994200991	0.950834408	0.974757326	0.960493816
WBBC	0.991878465	0.944847856	0.962928341	0.951526
WBBC	0.993111401	0.945919018	0.966627601	0.954449793
WBBC	0.992544828	0.949154428	0.970974009	0.958073141
WBBC	0.993412371	0.946301562	0.967501786	0.954852444
WBBC	0.9939928	0.937292857	0.971402854	0.950355898
WBBC	0.992936779	0.943081092	0.974191085	0.955469056
WBBC	0.991199319	0.926271637	0.960290051	0.940050469
WBBC	0.993669977	0.948532288	0.975626749	0.959201324
WBBC	0.990670283	0.944447799	0.956311952	0.949048706
WBBC	0.99381691	0.947964325	0.969580723	0.956549289
WBBC	0.99284316	0.946391318	0.97051864	0.955660478
WBBC	0.993415185	0.941325873	0.97039178	0.953160182
WBBC	0.992212257	0.938168227	0.962919371	0.947662377
WBBC	0.99277073	0.936563042	0.968966525	0.949624397
WBBC	0.994657791	0.947371816	0.976826851	0.959578838
WBBC	0.994332007	0.945126472	0.973658103	0.956719364
WBBC	0.993575434	0.947788318	0.970058754	0.956493381
WBBC	0.991761484	0.936502981	0.963433058	0.94685966
WBBC	0.993448302	0.945330349	0.970096785	0.955515803
WBBC	0.994165414	0.941926759	0.974035104	0.954643328
WBBC	0.993664329	0.951392863	0.976897351	0.961693967
WBBC	0.99454243	0.953221095	0.975019202	0.961572416
WBBC	0.993963642	0.946678478	0.970407435	0.956336626
WBBC	0.994830189	0.945402793	0.975669849	0.957713024
WBBC	0.993674717	0.949767093	0.975980202	0.960239146
WBBC	0.994357182	0.950951556	0.975362353	0.960473707
WBBC	0.994690512	0.948678691	0.972938129	0.958210759
WBBC	0.995195543	0.954019264	0.979459008	0.963722663
WBBC	0.993702432	0.942057518	0.971382177	0.953690337
WBBC	0.993001793	0.939493655	0.968538837	0.951111355
WBBC	0.993822251	0.952545219	0.972414514	0.960423901
WBBC	0.991074206	0.939057411	0.963382028	0.948277371
WBBC	0.994422268	0.944695811	0.974686436	0.956941102
WBBC	0.993772249	0.949911945	0.970030305	0.958096484
WBBC	0.993071655	0.938824606	0.971110459	0.952109956
WBBC	0.994791282	0.94829577	0.976694759	0.959058909
WBBC	0.993158115	0.950112499	0.967284338	0.957065355
WBBC	0.993333085	0.948503302	0.973068056	0.957820242
WBBC	0.993829959	0.949565165	0.975968065	0.960031923
WBBC	0.9936167	0.942028636	0.972606146	0.954730675
WBBC	0.994614847	0.946061118	0.975193495	0.957724236
WBBC	0.993972689	0.947278694	0.975457571	0.958810123
WBBC	0.994066448	0.95033332	0.970344088	0.958610316
WBBC	0.99498143	0.950586386	0.979066117	0.961819786
WBBC	0.99286663	0.948480008	0.969807356	0.95715593
WBBC	0.989103515	0.921550422	0.964565196	0.937725586
WBBC	0.994916467	0.951704851	0.975646065	0.961228833
WBBC	0.992894427	0.949374047	0.963935278	0.955297025
WBBC	0.99410735	0.950102524	0.971376294	0.958726612
WBBC	0.993398321	0.943372117	0.972600229	0.95533479
WBBC	0.995030635	0.946389743	0.978443837	0.958819722
WBBC	0.994782457	0.956913069	0.972835828	0.963115423
WBBC	0.993991534	0.948327822	0.97313192	0.958182747
WBBC	0.993300789	0.948001178	0.974160028	0.95867753
WBEA	0.994454591	0.95418734	0.97586242	0.962972651
WBEA	0.994408352	0.955414259	0.97728723	0.964061142
WBEA	0.992819652	0.949731473	0.970512344	0.958095149
WBEA	0.995385318	0.954601396	0.979997487	0.964782605
WBEA	0.994730901	0.954840733	0.975898793	0.963678523
WBEA	0.994788893	0.953677689	0.979343949	0.963953201
WBEA	0.993457606	0.955799689	0.977883278	0.964702284
WBEA	0.995111239	0.957612184	0.983384536	0.96782437
WBEA	0.992532033	0.957726158	0.970413641	0.962687568
WBEA	0.99472163	0.948989546	0.974233669	0.959212589
WBEA	0.995095796	0.954517315	0.978905407	0.964072552
WBEA	0.994024885	0.956086935	0.977266017	0.965097724
WBEA	0.994292268	0.947041817	0.975115261	0.958317706
WBEA	0.994399009	0.952546305	0.974354567	0.961440322
WBEA	0.99528426	0.969289088	0.986457397	0.975898622
WBEA	0.99444378	0.950340664	0.976865466	0.960969974
WBEA	0.993030337	0.948945148	0.974566542	0.958973771
WBEA	0.993567225	0.953237383	0.965799363	0.958071173
WBEA	0.995282874	0.958641169	0.980522077	0.967598915
WBEA	0.995307054	0.958349917	0.980881503	0.967015172
WBEA	0.99522458	0.953932891	0.976772352	0.9627843
WBEA	0.993824283	0.951930258	0.974035781	0.960851606
WBEA	0.994580495	0.953892561	0.979178424	0.963728579
WBEA	0.994077047	0.951870337	0.974236063	0.961436402
WBEA	0.994420954	0.949158817	0.978190063	0.960954122
WBEA	0.995054575	0.95593961	0.980141084	0.965468721
WBEA	0.994937234	0.95097222	0.978811037	0.961800604
WBEA	0.993598263	0.959726757	0.978664368	0.967087179
WBEA	0.993401734	0.952112742	0.972448502	0.960266361
WBEA	0.994024815	0.956504872	0.980017731	0.965896913
WBEA	0.995526559	0.95650719	0.983503712	0.967055117
WBEA	0.993948883	0.952307284	0.97604662	0.961539175
WBEA	0.993568236	0.952047381	0.973824829	0.960709515
WBEA	0.996589676	0.963384425	0.988631783	0.97353253
WBEA	0.996131714	0.968306988	0.985325934	0.975115719
WBEA	0.993977258	0.949218781	0.975972912	0.960042786
WBEA	0.994105152	0.948306234	0.977237239	0.959953621
WBEA	0.994926226	0.956249172	0.976284122	0.964259139
WBEA	0.995696266	0.959200376	0.98296834	0.968363066
WBEA	0.995310372	0.957379777	0.980693271	0.96665832
WBEA	0.99390557	0.96136882	0.97176267	0.965641352
WBEA	0.994244285	0.956436649	0.977824594	0.964568132
WBEA	0.994824976	0.952961306	0.980627089	0.963733182
WBEA	0.995122071	0.956139806	0.981968639	0.966410829
WBEA	0.994521171	0.948900538	0.978264185	0.960566111
WBEA	0.993656302	0.95071867	0.978322381	0.96169603
WBEA	0.99444948	0.950416969	0.977590553	0.96118431
WBEA	0.993922096	0.952185206	0.976309667	0.961605705
WBEA	0.995700792	0.959152088	0.979943787	0.967461598
WBEA	0.993451462	0.944053131	0.978214064	0.957178712
WBEA	0.995164093	0.960752997	0.98228639	0.969335366
WBEA	0.995054784	0.951109047	0.981011213	0.963191429
WBEA	0.99478548	0.95410832	0.979854671	0.964523363
WBEA	0.995319438	0.958476513	0.976701205	0.965553163
WBEA	0.995197421	0.960105217	0.977334988	0.966936663
WBEA	0.992059352	0.953257207	0.971044887	0.960315782
WBEA	0.993488739	0.94601298	0.969886214	0.955772816
WBEA	0.995392765	0.959193722	0.983131073	0.968927104
WBEA	0.994985971	0.954005184	0.977236163	0.962978421
WBEA	0.995453188	0.960438667	0.980022185	0.968254554
WBEA	0.995345339	0.957705731	0.976549296	0.965143429
WBEA	0.995042047	0.95551435	0.980341297	0.965811079
WBEA	0.993637506	0.947809112	0.973967334	0.958790244
WBEA	0.995187556	0.960452542	0.980218909	0.968310088
WBEA	0.996129067	0.960576515	0.985203736	0.97046505
WBEA	0.99396295	0.953791296	0.974845297	0.9620814
WBEA	0.994727887	0.956978493	0.979601051	0.96588666
WBEA	0.994122691	0.947372645	0.977635745	0.958846283
WBEA	0.994292613	0.95347347	0.979848895	0.964240959
WBEA	0.994724926	0.958102867	0.976014738	0.964973706
WBEA	0.992805012	0.945332791	0.969848283	0.954695961
WBEA	0.994646209	0.956131637	0.980643761	0.966234194
WBEA	0.99534434	0.958095984	0.978344414	0.966342492
WBEA	0.995013649	0.955358887	0.984023502	0.966565085
WBEA	0.993654679	0.946404744	0.973502628	0.957576151
WBEA	0.995591023	0.957044604	0.982183646	0.967433628
WBEA	0.994935505	0.95234492	0.983373196	0.96462358
WBEA	0.993108963	0.94602765	0.969650647	0.95532689
WBEA	0.994259232	0.952248129	0.977418633	0.962703486
WBEA	0.994591785	0.956331235	0.979380696	0.965330439
WBEA	0.995111251	0.959340252	0.979421116	0.967115335
WBEA	0.994954343	0.955468604	0.978422697	0.964665429
WBEA	0.995068651	0.957475524	0.978740288	0.965803878
WBEA	0.993954362	0.952464011	0.976782508	0.962325626
WBEA	0.995039839	0.957860077	0.980454342	0.967075663
WBEA	0.99489024	0.954366422	0.975200826	0.962446219
WBEA	0.994043219	0.948382766	0.976744458	0.959508213
WBEA	0.994600132	0.951742586	0.981965334	0.963687125
WBEA	0.993470283	0.950309894	0.969537528	0.957833205
WBEA	0.993915304	0.951549456	0.976750585	0.961521712
WBEA	0.993819064	0.955652285	0.971535336	0.962230727
WBEA	0.992455018	0.945329336	0.967126277	0.954204833
WBEA	0.99436951	0.946203267	0.975715978	0.958006651
WBEA	0.995723069	0.953708894	0.977251807	0.963289521
WBEA	0.995214485	0.956211495	0.980892665	0.966226111
WBEA	0.994438796	0.95773723	0.973808343	0.964229968
WBEA	0.99275668	0.950552899	0.97755479	0.961041275
WBEA	0.993055986	0.94275968	0.971397538	0.953600782
WBEA	0.994033529	0.94853379	0.976175799	0.958987393
WBEA	0.995235152	0.957289277	0.980862465	0.966581929
WBEA	0.993802243	0.945538775	0.977387411	0.957821501
WBEA	0.995159253	0.955619365	0.98467442	0.966828412
WBEA	0.996175755	0.95693103	0.985077573	0.96810664
WBEA	0.993456758	0.946072552	0.975141854	0.957439478
WBEA	0.995672266	0.959460097	0.979098198	0.967486741
WBEA	0.995426465	0.960501344	0.981653244	0.969098993
WBEA	0.994691262	0.958941684	0.977229075	0.966326364
WBEA	0.99500508	0.958034493	0.979677344	0.966542564
WBEA	0.994550514	0.959501365	0.979624185	0.967347613
WBEA	0.995231748	0.958037978	0.982077895	0.967534584
WBEA	0.995434185	0.963138003	0.982874756	0.970776395
WBEA	0.99509681	0.959084165	0.981395564	0.968018421
WBEA	0.992403446	0.954604033	0.970552275	0.961066397
WBEA	0.993875879	0.944422105	0.976687296	0.957701194
WBEA	0.993984836	0.953501871	0.975783735	0.96260364
WBEA	0.994681742	0.9520866	0.978408669	0.962453392
WBEA	0.994783802	0.955548724	0.982032346	0.966155887
WBEA	0.993610826	0.957752156	0.972394001	0.963429795
WBEA	0.994135683	0.955939441	0.970178244	0.961577602
WBEA	0.99494209	0.95109938	0.979275786	0.962631957
WBEA	0.993883478	0.951221025	0.973456454	0.960136579
WBEA	0.995007055	0.957192758	0.979208196	0.965701106
WBEA	0.99380624	0.953155947	0.971661023	0.960617223
WBEA	0.99384823	0.955973122	0.979742263	0.965096019
WBEA	0.99454794	0.955884537	0.978289223	0.96493084
WBEA	0.992822565	0.949753631	0.968414838	0.956646375
WBEA	0.993077307	0.949697917	0.9676744	0.95710315
WBEA	0.992792664	0.95445587	0.972755802	0.961935863
WBEA	0.993649015	0.952019632	0.971927075	0.960049085
WBEA	0.994721165	0.948322852	0.974431645	0.958321687
WBEA	0.993510239	0.950460036	0.975903196	0.960591473
WBEA	0.991300743	0.934419059	0.960806361	0.945106933
WBEA	0.993951691	0.953587016	0.977964881	0.963186333
WBEA	0.990909858	0.949376641	0.959373809	0.953253497
WBEA	0.994055318	0.956481081	0.970777316	0.962158838
WBEA	0.99273091	0.952710183	0.97217259	0.960187191
WBEA	0.993650089	0.947375413	0.972587931	0.957640703
WBEA	0.992274532	0.942910859	0.964545289	0.951209409
WBEA	0.992636768	0.943743096	0.973769381	0.955846407
WBEA	0.995304361	0.954992219	0.979948504	0.965334731
WBEA	0.994573001	0.952798308	0.974296694	0.961533472
WBEA	0.993998956	0.95474905	0.974383079	0.962423524
WBEA	0.992706764	0.944197076	0.967073098	0.95299462
WBEA	0.993763084	0.954445843	0.973044833	0.96209487
WBEA	0.994395993	0.950732255	0.977433037	0.961307148
WBEA	0.994019203	0.956311581	0.979442751	0.965654116
WBEA	0.994553323	0.959210932	0.977961595	0.966394582
WBEA	0.994302065	0.951108452	0.973656504	0.960285864
WBEA	0.995333859	0.953168496	0.978646956	0.963531011
WBEA	0.993959582	0.956196406	0.978935763	0.965280706
WBEA	0.994718092	0.956683477	0.978814461	0.96531624
WBEA	0.995179442	0.954267779	0.976935905	0.963174503
WBEA	0.995044851	0.958519271	0.982050517	0.967494636
WBEA	0.993731996	0.951478071	0.975574084	0.961036647
WBEA	0.993157376	0.944693002	0.97204407	0.955633229
WBEA	0.994164879	0.958361316	0.975074336	0.964988394
WBEA	0.991507755	0.945926899	0.967732918	0.954192214
WBEA	0.994326529	0.950828459	0.97636563	0.961255387
WBEA	0.993903497	0.956361357	0.973847364	0.963475004
WBEA	0.992975821	0.945694612	0.973017484	0.956937888
WBEA	0.995089124	0.954548863	0.981240325	0.964664854
WBEA	0.993578635	0.957033796	0.97083072	0.962620102
WBEA	0.994261502	0.955744681	0.976262517	0.963526819
WBEA	0.993816097	0.955383116	0.978326393	0.964478395
WBEA	0.993913589	0.946774595	0.975476624	0.95869755
WBEA	0.994887382	0.951321386	0.979483169	0.962595824
WBEA	0.994437644	0.952602007	0.976982806	0.962579083
WBEA	0.994474293	0.958286227	0.976091786	0.965651089
WBEA	0.995327584	0.95811746	0.981209878	0.967225916
WBEA	0.993220388	0.953335213	0.97253657	0.961146287
WBEA	0.989426215	0.926503964	0.971167955	0.943299064
WBEA	0.994912867	0.957981837	0.979332884	0.966475433
WBEA	0.993198402	0.955846489	0.96985197	0.961543408
WBEA	0.994128463	0.956511909	0.973125965	0.963246952
WBEA	0.99418399	0.950284925	0.977560137	0.961448302
WBEA	0.994861932	0.955222314	0.978645075	0.964305223
WBEA	0.995114997	0.961235705	0.97585019	0.966928399
WBEA	0.994053691	0.954316677	0.974909682	0.962498606
WBEA	0.994054127	0.9555092	0.979228726	0.965189978
WBKG	0.994416739	0.953824666	0.974594405	0.962243025
WBKG	0.99472289	0.955151581	0.977169058	0.963855591
WBKG	0.992993231	0.948807678	0.97107025	0.957767694
WBKG	0.995504156	0.954624328	0.980454426	0.964979529
WBKG	0.994629767	0.952959431	0.974698179	0.962082898
WBKG	0.994360094	0.951661984	0.978737789	0.962501808
WBKG	0.993313338	0.954580745	0.976917683	0.963585473
WBKG	0.994987258	0.954741694	0.98228231	0.965654548
WBKG	0.992969765	0.958181777	0.970212615	0.962886407
WBKG	0.994677432	0.948191105	0.973251772	0.958339808
WBKG	0.995031336	0.953049885	0.978074911	0.962854673
WBKG	0.994005824	0.954580789	0.975986615	0.963688048
WBKG	0.99408313	0.947637292	0.973913043	0.958191126
WBKG	0.994167044	0.951149448	0.974526453	0.960683241
WBKG	0.995070077	0.96643863	0.984352084	0.973335033
WBKG	0.99473977	0.948950356	0.976084359	0.959823792
WBKG	0.993725516	0.945871414	0.973266167	0.95659411
WBKG	0.993659694	0.95288036	0.966168006	0.957993383
WBKG	0.995001667	0.957683019	0.977380476	0.96574689
WBKG	0.995015743	0.955799761	0.980232819	0.96519629
WBKG	0.995393974	0.953606605	0.975932943	0.962259153
WBKG	0.99384621	0.951552932	0.974453996	0.960795345
WBKG	0.994633477	0.951871618	0.9779557	0.962018138
WBKG	0.993823586	0.950511439	0.9736961	0.960427772
WBKG	0.994896999	0.948434202	0.977856296	0.960388308
WBKG	0.995078488	0.954609028	0.978872256	0.964162454
WBKG	0.995119305	0.950555446	0.978418208	0.961393144
WBKG	0.993610125	0.959494355	0.978310152	0.966807398
WBKG	0.993750626	0.952457424	0.972518727	0.960501
WBKG	0.993956583	0.956489355	0.978127989	0.96513275
WBKG	0.995377675	0.95428654	0.981878988	0.965067303
WBKG	0.993736699	0.951382095	0.973913769	0.960144407
WBKG	0.993732774	0.953975852	0.973374727	0.961691892
WBKG	0.996604889	0.963098003	0.987595167	0.97294457
WBKG	0.996187747	0.966581985	0.985020224	0.973958529
WBKG	0.993764175	0.947989631	0.973120275	0.958156817
WBKG	0.993928238	0.946357585	0.975594804	0.958128251
WBKG	0.995021538	0.956412916	0.973931264	0.963416746
WBKG	0.995914594	0.957078553	0.98253349	0.96689158
WBKG	0.99543062	0.956632594	0.979959219	0.965916363
WBKG	0.99393363	0.961408556	0.971796828	0.965678795
WBKG	0.994315555	0.955024874	0.977008695	0.963382903
WBKG	0.99481385	0.952435986	0.980568241	0.963389486
WBKG	0.994844928	0.954192016	0.981087054	0.964887023
WBKG	0.994545015	0.948190014	0.977724601	0.959923388
WBKG	0.993921844	0.951694689	0.979927703	0.962922308
WBKG	0.994870851	0.951104363	0.975783525	0.960883307
WBKG	0.993789461	0.950009411	0.974264965	0.959481101
WBKG	0.995697722	0.957727609	0.97876401	0.966134915
WBKG	0.994191853	0.947347249	0.976973324	0.958730411
WBKG	0.994919428	0.958938734	0.979981514	0.967325565
WBKG	0.995366778	0.950141678	0.982038868	0.963030118
WBKG	0.994932874	0.95339538	0.978999122	0.963752734
WBKG	0.995184937	0.956909732	0.975759238	0.964228997
WBKG	0.994944042	0.959805256	0.976105739	0.966268248
WBKG	0.99258282	0.953745064	0.971821521	0.960918282
WBKG	0.993598669	0.947328383	0.96797259	0.955768132
WBKG	0.995356918	0.957693089	0.982275651	0.967688826
WBKG	0.994933792	0.953974959	0.976071557	0.962510029
WBKG	0.99562311	0.960170064	0.980842558	0.968420567
WBKG	0.995338249	0.954889175	0.976502347	0.963420058
WBKG	0.99525113	0.953918091	0.979852105	0.964673964
WBKG	0.993626743	0.944107445	0.97349908	0.956445838
WBKG	0.995168179	0.960114135	0.97941461	0.967786479
WBKG	0.996045608	0.958210336	0.983009569	0.968167938
WBKG	0.99385169	0.952984392	0.974939953	0.961629489
WBKG	0.994561551	0.957602647	0.979346354	0.966164745
WBKG	0.994620174	0.948372459	0.978173347	0.959670808
WBKG	0.994199412	0.952488865	0.97800256	0.962904561
WBKG	0.994703514	0.956889428	0.974650988	0.963702609
WBKG	0.992897689	0.945332791	0.968171858	0.954055686
WBKG	0.994498579	0.953608536	0.980586629	0.964727379
WBKG	0.995343415	0.956027424	0.979131268	0.965436846
WBKG	0.995066513	0.955253708	0.98311056	0.966144117
WBKG	0.993912842	0.945038807	0.972804737	0.956485624
WBKG	0.995571696	0.955661379	0.982469164	0.96673998
WBKG	0.995263269	0.952995657	0.982506615	0.964673876
WBKG	0.993527847	0.947234224	0.970273861	0.956303781
WBKG	0.994100567	0.950404488	0.976747567	0.961346911
WBKG	0.994544172	0.955642258	0.979247746	0.964858552
WBKG	0.994961136	0.95670126	0.976828224	0.964494192
WBKG	0.994963756	0.954234564	0.97734267	0.963493053
WBKG	0.995098593	0.955683655	0.97763881	0.964282401
WBKG	0.993846686	0.950634511	0.97568016	0.960791001
WBKG	0.994947007	0.956720305	0.979443161	0.965988339
WBKG	0.99531599	0.951389828	0.974856722	0.960490532
WBKG	0.994277929	0.950389222	0.977714413	0.96110808
WBKG	0.994650801	0.95044329	0.981860073	0.962859731
WBKG	0.993631735	0.948014385	0.968418547	0.955998044
WBKG	0.994321234	0.952615459	0.976876691	0.962215791
WBKG	0.993730408	0.95374246	0.970443572	0.960659727
WBKG	0.992399282	0.944002436	0.966387414	0.953117334
WBKG	0.994483744	0.9489976	0.974903027	0.959358279
WBKG	0.995585048	0.953985235	0.97740139	0.963514279
WBKG	0.995283436	0.953552211	0.979373672	0.96402951
WBKG	0.994114296	0.956611473	0.972712699	0.963116377
WBKG	0.993192568	0.950956366	0.976543108	0.960895055
WBKG	0.993134174	0.945457753	0.97004586	0.954765788
WBKG	0.994473163	0.94923216	0.976284585	0.959462795
WBKG	0.995362381	0.958232701	0.98144239	0.967382061
WBKG	0.994922263	0.949606264	0.979010211	0.960946173
WBKG	0.995185241	0.95364805	0.98417699	0.965425702
WBKG	0.995937855	0.955936895	0.984067261	0.967106082
WBKG	0.994161586	0.948954499	0.976281381	0.95964004
WBKG	0.995587149	0.958776178	0.978575084	0.966868548
WBKG	0.995559514	0.958239409	0.980069677	0.967112795
WBKG	0.994606577	0.95478021	0.976419133	0.963518281
WBKG	0.995206957	0.955448299	0.97840065	0.964471151
WBKG	0.994727112	0.958109393	0.978148027	0.965922816
WBKG	0.995602147	0.957423233	0.983240159	0.96762182
WBKG	0.995466193	0.961176939	0.982065502	0.969261096
WBKG	0.994980893	0.956317807	0.981187305	0.966276414
WBKG	0.99253012	0.952010876	0.96884516	0.958832272
WBKG	0.994419407	0.943633654	0.976743662	0.957260437
WBKG	0.993668053	0.951893889	0.97418219	0.960998288
WBKG	0.99467477	0.949206971	0.976297104	0.959876261
WBKG	0.994558512	0.954157701	0.980755516	0.9648106
WBKG	0.993636971	0.955919261	0.971577469	0.961991013
WBKG	0.994094182	0.954604037	0.969929532	0.960672497
WBKG	0.994857087	0.950227417	0.977439176	0.961365166
WBKG	0.993960884	0.950367975	0.972552745	0.959263217
WBKG	0.995026679	0.955952635	0.977420173	0.964249196
WBKG	0.993811879	0.950653299	0.969627071	0.958303553
WBKG	0.993814956	0.955669069	0.979400566	0.964777518
WBKG	0.994586143	0.954438513	0.976546359	0.963364962
WBKG	0.992859556	0.949184532	0.968230345	0.956219335
WBKG	0.993113725	0.949833416	0.968266069	0.957426564
WBKG	0.992696393	0.953049255	0.972318976	0.960925643
WBKG	0.993607471	0.951256184	0.970256067	0.958919582
WBKG	0.994902801	0.944706584	0.973932929	0.955899342
WBKG	0.993612731	0.948447295	0.974549703	0.958841197
WBKG	0.992271219	0.94034852	0.962011083	0.949122611
WBKG	0.993887518	0.953479632	0.977067416	0.962767837
WBKG	0.991619664	0.951354248	0.961172798	0.955161819
WBKG	0.994142831	0.955221343	0.969698036	0.960970769
WBKG	0.992654624	0.95029297	0.970554858	0.958077084
WBKG	0.993758462	0.947289451	0.973486874	0.957955746
WBKG	0.992692618	0.945681883	0.965843596	0.953415528
WBKG	0.993166835	0.944271737	0.973080024	0.955884084
WBKG	0.995146561	0.953097409	0.979230752	0.963927723
WBKG	0.994851662	0.953867526	0.974330904	0.962182148
WBKG	0.994089101	0.952109851	0.974383079	0.960815925
WBKG	0.993520541	0.947475228	0.968393505	0.955519873
WBKG	0.993824521	0.952285479	0.972877962	0.960754351
WBKG	0.994430199	0.949026478	0.975991845	0.959706161
WBKG	0.994245087	0.95624971	0.977376754	0.964782791
WBKG	0.994778865	0.958557778	0.977926145	0.965978079
WBKG	0.994231367	0.949468891	0.973226314	0.959138536
WBKG	0.995141983	0.951854806	0.976479713	0.961870167
WBKG	0.994036679	0.954854365	0.977716008	0.963987518
WBKG	0.994624674	0.957076645	0.978223347	0.965325463
WBKG	0.995166247	0.953188395	0.977160633	0.962607528
WBKG	0.99548908	0.957561967	0.981548934	0.966711155
WBKG	0.994097398	0.950796583	0.975873506	0.960744274
WBKG	0.993941634	0.948067614	0.97221586	0.957726736
WBKG	0.994541204	0.956751023	0.974563278	0.963813971
WBKG	0.992337812	0.952826409	0.966784959	0.958117209
WBKG	0.994422128	0.950426448	0.976228553	0.960961549
WBKG	0.99384579	0.956250297	0.974795845	0.963794986
WBKG	0.993137637	0.946309836	0.971833051	0.956812559
WBKG	0.99518051	0.951857184	0.979888941	0.962481143
WBKG	0.993580194	0.956669149	0.969633388	0.961918305
WBKG	0.994105553	0.954372707	0.972888601	0.961395535
WBKG	0.993927268	0.954846655	0.975818512	0.963160415
WBKG	0.994286811	0.946332924	0.973860567	0.957768034
WBKG	0.995094646	0.953002872	0.980702218	0.964092175
WBKG	0.994432872	0.952257848	0.976867258	0.962328476
WBKG	0.994409505	0.956017309	0.975163312	0.963936615
WBKG	0.995456247	0.957033962	0.980237571	0.966186276
WBKG	0.993016823	0.951017244	0.971680122	0.959422862
WBKG	0.992547744	0.93738901	0.972500734	0.950591968
WBKG	0.995099117	0.957735982	0.978646693	0.966054409
WBKG	0.993154683	0.955676161	0.968180843	0.96076261
WBKG	0.99423669	0.955763458	0.971970953	0.962333689
WBKG	0.994166999	0.951729393	0.976414662	0.961832741
WBKG	0.995005529	0.953865187	0.979402678	0.963768149
WBKG	0.995060176	0.961555027	0.973662159	0.966271047
WBKG	0.9939751	0.952150824	0.971554173	0.959860084
WBKG	0.994055558	0.954370656	0.978016395	0.964021319
